Date,Open,High,Low,Close
2015-11-23,1098.4,1099.5,1083.5,1090.4
2015-11-24,1090.3,1090.3,1082.6,1084.2
2015-11-25,1084.2,1086.1,1082.4,1084.8
2015-11-26,1084.8,1096.7,1084.8,1096.6
2015-11-27,1096.6,1101,1091.6,1094
2015-11-30,1094,1094,1085.1,1086.7
2015-12-01,1086.9,1100.2,1086.9,1098
2015-12-02,1098,1111,1098,1104.4
2015-12-03,1103.1,1107,1094.4,1106.7
2015-12-04,1106.6,1106.6,1098.3,1100
2015-12-07,1094.7,1106,1094.7,1096.6
2015-12-08,1092.7,1092.7,1063.3,1064.2
2015-12-09,1064.2,1065,1052,1062.3
2015-12-10,1062.3,1063.8,1042,1048.6
2015-12-11,1043.1,1049.1,1024.6,1025.7
2015-12-14,1020,1020,990.1,990.2
2015-12-15,990.2,1000.5,988.3,1000.1
2015-12-16,1005.1,1020,1005,1005.6
2015-12-17,1006.2,1025.5,1006.2,1025
2015-12-18,1017.5,1044.5,1010,1043.7
2015-12-21,1043.7,1049.9,1042.2,1042.9
2015-12-22,1047,1047,1032,1033.8
2015-12-23,1036,1043.5,1030.1,1030.1
2015-12-24,1032,1035,1023.2,1023.3
2015-12-28,1023,1031.9,1019.9,1023.3
2015-12-29,1030,1080.1,1024,1080.1
2015-12-30,1083,1091.3,1078,1089.5
2016-01-04,1090,1097.9,1002.6,1064.7
2016-01-05,1064.7,1084.7,1052.9,1081.2
2016-01-06,1083.8,1092.4,1072.1,1090.6
2016-01-07,1090.6,1094.7,1069.5,1076.8
2016-01-08,1057.1,1089.4,1055.7,1087
2016-01-11,1082,1090.1,1062.9,1065
2016-01-12,1069.6,1085,1056.3,1056.3
2016-01-13,1065.1,1084.2,1064.3,1081.2
2016-01-14,1065,1078.7,1060,1075
2016-01-15,1080,1092.9,1066.2,1070
2016-01-18,1059.8,1083,1059.8,1076.9
2016-01-19,1072.7,1081.4,1069.6,1077.5
2016-01-20,1082,1082,1047,1067
2016-01-21,1072,1082,1053.4,1070.6
2016-01-22,1080.5,1080.5,1066.5,1078
2016-01-25,1085,1089.9,1078.1,1086
2016-01-26,1085.5,1088.8,1077.7,1079
2016-01-27,1082.6,1090.3,1075.1,1078.4
2016-01-28,1078.4,1089.4,1071,1085.3
2016-01-29,1085.5,1089.5,1080.1,1088
2016-02-01,1091.8,1101,1090.5,1098.6
2016-02-02,1098.6,1104.2,1096.7,1100.9
2016-02-03,1096,1100.1,1091.2,1092
2016-02-04,1095.9,1101.5,1089.3,1100
2016-02-05,1099.9,1103,1096.7,1098.1
2016-02-11,1082.9,1082.9,1042.6,1043.6
2016-02-12,1036.8,1036.8,966,967
2016-02-15,971.9,1003.9,971.9,997.4
2016-02-16,1003.9,1015.9,1003.9,1011.3
2016-02-17,1010,1016.8,971,971
2016-02-18,988.1,1010.5,988.1,1007.3
2016-02-19,1007.2,1017.2,1004.8,1012.7
2016-02-22,1012.7,1024.3,1012.5,1023.3
2016-02-23,1026.8,1032.4,1007,1008.5
2016-02-24,1008.5,1020,1005.2,1013.5
2016-02-25,1014.9,1024.4,1012.4,1014.1
2016-02-26,1014.4,1021.1,1014.4,1018
2016-02-29,1018.1,1025.9,1013.2,1025.9
2016-03-02,1039,1055,1039,1055
2016-03-03,1056.1,1069.3,1054.6,1067.8
2016-03-04,1070,1071.7,1065.6,1070
2016-03-07,1075,1079.3,1068.9,1070
2016-03-08,1071.5,1076.5,1064.5,1071.4
2016-03-09,1055,1085.5,1055,1085
2016-03-10,1086,1099.5,1086,1099.5
2016-03-11,1061.1,1061.1,1039.4,1044.7
2016-03-14,1045.3,1047.7,1032.5,1032.5
2016-03-15,1035,1046.2,1035,1037
2016-03-16,1036.8,1041.7,1036.3,1039.2
2016-03-17,1042.2,1046.5,1038.9,1040.3
2016-03-18,1041.9,1049.2,1040.2,1048.4
2016-03-21,1048.6,1051.9,1042.9,1043.5
2016-03-22,1044.9,1046.5,1040.8,1044.4
2016-03-23,1044.4,1048.6,1041.3,1043.5
2016-03-24,1040.5,1045.6,1039.7,1045
2016-03-25,1043.7,1046.9,1042.8,1044.8
2016-03-28,1045,1049.5,1043,1043.8
2016-03-29,1044.2,1050.1,1044.2,1050.1
2016-03-30,1052.5,1053.1,1049.3,1049.8
2016-03-31,1049.8,1052.1,1044,1044
2016-04-01,1045.8,1053.5,1042.3,1043
2016-04-04,1045.2,1058,1045.2,1057.5
2016-04-05,1057.5,1058.7,1052,1054.9
2016-04-06,1055.1,1055.1,1049.4,1051.6
2016-04-07,1052.4,1059.8,1052.4,1058.4
2016-04-08,1055,1057.7,1052.5,1057.3
2016-04-11,1057.3,1059.5,1043.6,1044.9
2016-04-12,1041.5,1044.5,1034.4,1036.4
2016-04-14,1053,1053,1039.7,1041.4
2016-04-15,1043.4,1047.9,1041.6,1047.9
2016-04-18,1045.5,1048.7,1040.5,1046.9
2016-04-19,1047.9,1055.1,1046.7,1054.3
2016-04-20,1053.3,1058.8,1047,1049.1
2016-04-21,1053.2,1054.3,1047.9,1049.3
2016-04-22,1048.5,1048.5,1042,1047.5
2016-04-25,1047.5,1053.8,1045.9,1053.8
2016-04-26,1053.8,1056.1,1044.7,1047.6
2016-04-27,1049,1051,1041.9,1042.6
2016-04-28,1044.1,1046.5,1035.1,1035.1
2016-04-29,1034,1035.1,1029,1030.6
2016-05-02,1032.1,1034.6,1019.1,1019.1
2016-05-03,1023,1037.5,1022.9,1034.8
2016-05-04,1030.6,1033.2,1026.8,1027.8
2016-05-09,1027.9,1030.9,1021.3,1024.9
2016-05-10,1024.9,1039,1024.9,1039
2016-05-11,1039.7,1046,1038.9,1043.5
2016-05-12,1039.8,1046,1037.9,1046
2016-05-13,1045.9,1045.9,1038.9,1038.9
2016-05-16,1038.7,1043.1,1036.2,1036.2
2016-05-17,1036.7,1040.2,1025.1,1027
2016-05-18,1026.9,1026.9,1007.8,1012
2016-05-19,1012,1020.9,1005,1017
2016-05-20,1016.6,1032.4,1015,1031
2016-05-23,1035,1043.3,1031,1041.6
2016-05-24,1039,1044,1033.1,1033.8
2016-05-25,1038.6,1045.9,1035.8,1044.4
2016-05-26,1044.4,1044.5,1035.9,1036
2016-05-27,1036.3,1042.7,1035.9,1041
2016-05-30,1041.7,1049.9,1039.7,1049.9
2016-05-31,1049.9,1059.2,1047.6,1056.6
2016-06-01,1056.6,1062.9,1055.9,1061.2
2016-06-02,1061.4,1063.6,1057.3,1060.8
2016-06-03,1061.7,1063.2,1059,1061.6
2016-06-07,1066.2,1069.9,1062.3,1069.7
2016-06-08,1069.8,1084.9,1068.4,1079.6
2016-06-09,1075,1095,1071.1,1078
2016-06-10,1035,1051,1032.8,1046.5
2016-06-13,1039.3,1041,1016.8,1016.8
2016-06-14,1015.4,1027,1012.9,1025.3
2016-06-15,1024.9,1035.8,1020,1035.1
2016-06-16,1035.1,1038.5,1006.3,1015
2016-06-17,1020,1026,1003,1004.4
2016-06-20,1009.6,1025.2,1009.6,1023.3
2016-06-21,1022.7,1024.5,1016.7,1024.4
2016-06-22,1023.9,1028.5,1021.4,1024.4
2016-06-23,1023.4,1023.4,1005,1013.6
2016-06-24,1020.4,1036.6,942.1,973
2016-06-27,967,981,940.2,974
2016-06-28,963,994.3,961.6,988
2016-06-29,993,1005,992.3,1000.3
2016-06-30,1008.3,1008.3,997.8,1003.3
2016-07-01,1008,1021,1004.3,1018
2016-07-04,1018.6,1024.5,1016.7,1020.6
2016-07-05,1020.6,1027.6,1017.8,1027
2016-07-06,1025,1025,1003.6,1007
2016-07-07,1010.6,1030,1010.6,1027.7
2016-07-08,1028.1,1031.3,1012.5,1016
2016-07-11,1021.6,1037.5,1020,1027.5
2016-07-12,1029,1035.6,1026.3,1026.6
2016-07-13,1030.6,1035.6,1030.1,1030.1
2016-07-14,1030.1,1032.9,1025.6,1029
2016-07-15,1030.7,1036.7,1023.9,1023.9
2016-07-18,1027,1033.7,1025,1025
2016-07-19,1030,1033.4,1024.6,1027.9
2016-07-20,1027.9,1033.4,1027.2,1033.4
2016-07-21,1036.7,1041.6,1036.4,1040.6
2016-07-22,1039,1042.4,1034.2,1035.2
2016-07-25,1041,1041,1029.1,1029.7
2016-07-26,1030,1032.3,1026.7,1030.6
2016-07-27,1031.4,1033.8,1022,1022
2016-07-28,1023.5,1027.4,1016.8,1023.2
2016-07-29,1025.1,1030.5,1024.1,1024.1
2016-08-01,1029.9,1032,1016,1016
2016-08-02,1016,1021.8,1015.3,1015.3
2016-08-03,1015,1021,1008.7,1012
2016-08-04,1014.3,1023.3,1014.3,1019.3
2016-08-05,1021.6,1024.7,1009.6,1011.6
2016-08-08,1014.3,1022,1012.9,1019.6
2016-08-09,1021.1,1036.9,1021.1,1032.8
2016-08-10,1035.6,1052.1,1035.6,1049.1
2016-08-11,1050,1051.9,1033,1033
2016-08-12,1040.8,1042.4,1036.6,1041.6
2016-08-16,1043,1044,1036,1036.2
2016-08-17,1032.3,1034.3,1017.4,1026.5
2016-08-18,1031.3,1038.5,1030,1035.3
2016-08-19,1037,1042.3,1037,1037
2016-08-22,1038.3,1040,1027,1027
2016-08-23,1026.5,1036,1026,1027.6
2016-08-24,1028,1031.5,1026.7,1029.7
2016-08-25,1031,1031,1022.8,1022.9
2016-08-26,1023.2,1023.3,1017.1,1021.5
2016-08-29,1016.9,1017.4,991,991
2016-08-30,996,1007,995.6,1001
2016-08-31,1001,1003.5,985.6,997
2016-09-01,997,1017.1,996,1015.8
2016-09-02,1016.6,1022.3,1012,1022
2016-09-05,1029.9,1029.9,1022.8,1023.1
2016-09-06,1023.1,1027.7,1018,1018
2016-09-07,1020,1030,1001.7,1009.7
2016-09-08,1010,1019.6,1000.3,1013
2016-09-09,990.8,991,972,980.8
2016-09-12,959,975.3,958.7,961.7
2016-09-13,969,973.3,964,969.2
2016-09-19,969.3,991.5,969.3,991.5
2016-09-20,986,996,982.4,995.9
2016-09-21,995.5,1002.5,991,1001
2016-09-22,1006,1016,1005.9,1011.5
2016-09-23,1013.5,1015,1007,1012.3
2016-09-26,1012.1,1017,1007.1,1007.7
2016-09-27,1005.4,1012.1,1000.4,1011
2016-09-28,1011.5,1012,1001.7,1002.5
2016-09-29,1004.5,1012.4,1004.5,1007.5
2016-09-30,1004.9,1005,984,984
2016-10-04,985,1000.7,985,997
2016-10-05,994.1,999.3,991.9,996
2016-10-06,997.2,1001.5,989.5,989.5
2016-10-07,989,992.5,971.3,972.1
2016-10-10,971.9,981,970.1,977.5
2016-10-11,976.5,984.2,970.1,972.4
2016-10-12,968.9,976.4,966.9,971.7
2016-10-13,971.9,974,960.8,961.8
2016-10-14,960.9,969.8,960.9,968.6
2016-10-17,967.4,967.8,957.7,959.9
2016-10-18,960.8,970,958.8,969.2
2016-10-19,969.2,977.4,969.2,975.5
2016-10-20,976.9,976.9,963.3,966.2
2016-10-21,964.5,970,957,957.1
2016-10-24,958.2,961.5,950.4,951.2
2016-10-25,950.2,952,935.7,945.1
2016-10-26,941.4,950,933.7,947.3
2016-10-27,947.1,971.1,947.1,971.1
2016-10-28,969.8,970.9,952.3,952.3
2016-10-31,949.9,950.7,935.7,937.2
2016-11-01,931.4,949.7,931,943
2016-11-02,938.7,940.1,917.2,917.2
2016-11-03,914.5,932.7,914.5,927
2016-11-04,926,929.9,917.6,929.9
2016-11-07,935,940.9,929.6,940.9
2016-11-08,942.6,945,937.7,941
2016-11-09,946.3,947.5,885.4,901
2016-11-10,924.7,947.5,924.7,942.5
2016-11-11,937.3,943,933,933
2016-11-14,933.5,936.8,926.8,926.8
2016-11-15,926.7,929.6,912.2,912.2
2016-11-16,920.5,937.5,920.5,935
2016-11-17,935,936.3,927.5,932.2
2016-11-18,934.4,939.9,921.2,923.5
2016-11-21,919.6,920.1,906.4,907.1
2016-11-22,911,918.2,907.2,914.8
2016-11-23,913.5,914.3,900.1,903.5
2016-11-24,900.5,905.7,884,891.5
2016-11-25,890,899.5,886.9,899.5
2016-11-28,899.5,900.2,887.1,887.6
2016-11-29,885,894.5,884.2,894.2
2016-11-30,894.7,895.3,887.5,893.1
2016-12-01,891.8,893.1,881.5,886.8
2016-12-02,884.6,885.6,870,870
2016-12-05,867.7,872.7,857.2,857.2
2016-12-06,859.6,870.9,859.6,869.5
2016-12-07,869.5,874.2,852.4,864
2016-12-08,866.4,880.8,866.4,874.9
2016-12-09,857.1,880.7,856.3,880.7
2016-12-12,884,893.3,882.7,893.3
2016-12-13,893.4,904.6,887.9,903.7
2016-12-14,906.5,909.9,900,904.5
2016-12-15,899.4,914.3,897,912.9
2016-12-16,914.3,916,906.7,912
2016-12-19,912.7,915.5,909.9,913
2016-12-20,913.4,914.6,899,899.8
2016-12-21,901.2,905,894.5,896.5
2016-12-22,896.7,900.4,892,893.1
2016-12-23,893.6,904,890,904
2016-12-26,905.2,905.8,899.5,900.2
2016-12-27,901.2,909.9,901.1,909.9
2016-12-28,911.5,929.9,909.6,929.9
2016-12-29,928.4,931.2,921.5,929.7
2017-01-02,929.1,932.9,920.8,921.3
2017-01-03,922.4,929.4,922.4,927.7
2017-01-04,928.1,935.7,927.7,933
2017-01-05,934,939.4,932.2,932.4
2017-01-06,934.1,934.7,927.4,931.8
2017-01-09,933.3,934.3,923.7,923.7
2017-01-10,922.8,923.6,910,910.1
2017-01-11,910.1,924.4,910.1,919.7
2017-01-12,919.7,920,909.1,910.2
2017-01-13,909.7,923.8,908,919.8
2017-01-16,921.2,921.2,907.7,911.4
2017-01-17,909,916.5,901.3,902.7
2017-01-18,902.7,909.8,897.3,909
2017-01-19,911,913.5,902.5,903.9
2017-01-20,902.3,906.2,897.2,898.9
2017-01-23,898.8,902.3,894.3,894.5
2017-01-24,894.4,896.2,888.3,889.9
2017-01-25,890.6,894.9,883.3,886
2017-01-26,888.5,900.5,883.4,900.5
2017-01-31,896.9,901.9,894.8,898.6
2017-02-01,900.5,911.9,900.2,911.9
2017-02-02,910.6,916.9,895,897.5
2017-02-03,897.5,907.5,891.2,895.7
2017-02-06,895.9,906.9,892,905
2017-02-07,905,905.7,897.5,900.1
2017-02-08,900,902.1,892,902.1
2017-02-09,902,903.7,897.8,903.7
2017-02-10,905.2,909.7,900.1,905.1
2017-02-13,905.1,909,900.3,908.5
2017-02-14,909,909.3,902.7,903.7
2017-02-15,904.1,916.7,902.9,916
2017-02-16,917.6,917.9,910.9,916.4
2017-02-17,913.8,920.4,912,917
2017-02-20,917,920,914.9,918.5
2017-02-21,919.5,924.4,917.7,922.3
2017-02-22,924.5,925.7,921.1,923
2017-02-23,924.4,926.2,916.1,916.1
2017-02-24,918.9,919.9,915,916
2017-02-27,918,918,911.2,912.8
2017-02-28,915,916.3,910.2,912.3
2017-03-02,915,916,908.1,909.4
2017-03-03,907.1,907.2,896.4,898.5
2017-03-06,894.9,904.9,890.5,904.5
2017-03-07,903.3,906.5,899.4,904.8
2017-03-08,903.2,908,902,902
2017-03-09,905.9,911.8,900.8,901.3
2017-03-10,893.9,910.5,887.8,910.5
2017-03-13,910.5,913,905.7,905.7
2017-03-14,907.8,909.4,902.6,904
2017-03-15,903.5,903.7,889.5,889.5
2017-03-16,895.1,904.4,893.9,904.4
2017-03-17,902,903.4,894.4,895.1
2017-03-20,895.2,895.2,886.9,893.1
2017-03-21,894.2,899,893.1,897
2017-03-22,893.6,899.1,892,893.6
2017-03-23,897,898,890.7,894.3
2017-03-24,894.6,897.5,891.6,897
2017-03-27,897,901.2,895.7,898.7
2017-03-28,901.7,907.2,898.9,906.6
2017-03-29,909.7,909.7,904.8,908.5
2017-03-30,909.8,910,906.3,908
2017-03-31,909.2,918,906.5,915.5
2017-04-03,917.8,934.6,915.5,933.3
2017-04-04,933.2,938.3,929.1,930.2
2017-04-05,934.9,938.1,929,936.1
2017-04-06,935,941.1,929.6,940.3
2017-04-07,940.7,943.6,937.7,942.3
2017-04-10,941,941.2,918.6,920.1
2017-04-11,920.3,930,913.7,926.7
2017-04-12,926.3,928,922,926.6
2017-04-13,926.6,932,925.3,930.3
2017-04-14,929.4,932.7,922,924
2017-04-17,926,939.4,926,939.2
2017-04-18,942.6,945,936.9,942.4
2017-04-19,942.5,945.7,939.6,943.5
2017-04-20,941.5,948.1,941.4,941.4
2017-04-21,945.1,946,937,941.7
2017-04-24,942.8,944.7,930.9,932.9
2017-04-25,934.6,942.9,932.6,941
2017-04-26,943.1,948.2,943.1,945.4
2017-04-27,948.5,948.5,935.7,937.4
2017-04-28,937.9,943.1,930.4,937
2017-05-02,937,942.8,935.4,938.1
2017-05-04,938.2,955.8,938.2,955.8
2017-05-08,958.2,977.6,958.2,974
2017-05-10,978.5,986.5,966,971.4
2017-05-11,972,980.6,971.7,980.5
2017-05-12,980.9,980.9,968,972.6
2017-05-15,972.2,978.9,969.1,973.3
2017-05-16,974.2,979.9,962.5,969.5
2017-05-17,968.5,970.4,962,969.5
2017-05-18,962,962.5,952.4,962.5
2017-05-19,960.2,968.4,960.2,965.9
2017-05-22,968.5,971.1,963,966
2017-05-23,967.9,971.7,965.5,967
2017-05-24,971.4,975.9,970.1,975.4
2017-05-25,975.4,978,971.1,975.3
2017-05-26,975.3,977.1,972.3,976.3
2017-05-29,976.7,976.7,966.1,970.2
2017-05-30,972.3,979.8,968.6,979
2017-05-31,979,987.4,977.4,986.5
2017-06-01,985.8,991.5,984,988.8
2017-06-02,991.5,999,990.9,999
2017-06-05,1000,1008,998,1008
2017-06-07,1008.1,1015.6,1002.6,1013.3
2017-06-08,1013.6,1029.4,1013.6,1026.2
2017-06-09,1013.5,1017.2,1007.1,1017.2
2017-06-12,1012.8,1012.8,935.9,998
2017-06-13,996.6,1011.6,996.6,1010.8
2017-06-14,1011,1019,1007,1014.3
2017-06-15,1014.3,1014.5,998.7,1011
2017-06-16,1010.8,1012.5,1003.2,1012
2017-06-19,1013,1022.9,1010.8,1019.7
2017-06-20,1022.9,1029,1017.8,1017.8
2017-06-21,1013.9,1018.5,1008.3,1018
2017-06-22,1019.4,1020.1,1009.9,1009.9
2017-06-23,1012,1021.4,1010.9,1018.6
2017-06-26,1020,1022.2,1015.1,1020.8
2017-06-27,1021.2,1029.9,1021.2,1027
2017-06-28,1022.6,1023.1,1010.6,1011
2017-06-29,1015.7,1021.8,1014.8,1021.8
2017-06-30,1006.7,1020,1006.7,1019.5
2017-07-03,1020.2,1022.9,1006,1011.5
2017-07-04,1011.5,1013.4,1000.5,1005.7
2017-07-05,1003.9,1010.5,1002.8,1009
2017-07-06,1011,1015.5,1011,1014.9
2017-07-07,1011.9,1015.4,1007.6,1015.1
2017-07-10,1018,1018.5,1006.2,1007
2017-07-11,1007.3,1010.3,999.8,1003.8
2017-07-12,1003.8,1005.2,989.8,991.1
2017-07-13,994,1001.9,991.9,1001.9
2017-07-14,999.6,1000.6,993.4,999.9
2017-07-17,1004.1,1014.5,1002.5,1014
2017-07-18,1014,1019,1011.6,1018.3
2017-07-19,1020.3,1032.3,1019.1,1031.9
2017-07-20,1032.8,1046.2,1031.8,1036
2017-07-21,1041.2,1041.9,1033.6,1036.7
2017-07-24,1038.7,1043,1034.3,1037.3
2017-07-25,1038.9,1039.9,1022,1022
2017-07-26,1024.9,1030,1018.9,1030
2017-07-27,1030.2,1034.8,1025.8,1029.9
2017-07-28,1027,1027,1006.4,1006.4
2017-07-31,1002.9,1008.8,996.5,1006.4
2017-08-01,1006.4,1012.4,1002.9,1006
2017-08-02,1009,1014.1,1008.3,1012.2
2017-08-03,1011.7,1012.5,985.5,985.5
2017-08-04,986.2,993.7,976.5,985.5
2017-08-07,987.9,1001.4,984.6,999.5
2017-08-08,1002,1005.2,992.7,1001.6
2017-08-09,997.4,999.8,990,991.1
2017-08-10,990.1,997.7,983.6,989.5
2017-08-11,970,985.9,969.1,969.1
2017-08-14,976.8,979.6,972.1,978.7
2017-08-16,985.6,993.6,983,992.6
2017-08-17,994.1,1006.3,991.2,1005.7
2017-08-18,996.6,1008.8,992.5,1002.2
2017-08-21,1006.2,1008,997.3,999
2017-08-22,1001.1,1008.9,1000.5,1005.2
2017-08-23,1010.3,1012.4,1003.6,1003.8
2017-08-24,1004,1011.8,1004,1011.8
2017-08-25,1014.2,1015.6,1010.6,1015.3
2017-08-28,1015.6,1024.5,1012.7,1022.3
2017-08-29,1019.2,1025.3,1013.6,1023.2
2017-08-30,1026.3,1030.9,1021,1021
2017-08-31,1024.2,1031.4,1024.1,1029.6
2017-09-01,1031.1,1040.6,1028.3,1036.2
2017-09-04,1025,1029.9,1016.5,1018
2017-09-05,1024,1030.2,1015.7,1020.2
2017-09-06,1020.2,1035.3,1019.9,1035.3
2017-09-07,1035.3,1044.5,1035,1037
2017-09-08,1038.8,1043.9,1031.6,1031.6
2017-09-11,1038.1,1047.9,1038.1,1041.6
2017-09-12,1045,1048.9,1041.7,1045
2017-09-13,1049,1051,1041.6,1042.3
2017-09-14,1049.7,1064.2,1044.5,1064.2
2017-09-15,1048.6,1075.3,1047.6,1074.2
2017-09-18,1077.4,1090.6,1077.4,1083.2
2017-09-19,1085.1,1089.2,1074.8,1082.9
2017-09-20,1086,1095.9,1073,1073
2017-09-21,1078.3,1081.4,1059.1,1065.6
2017-09-22,1064,1068,1054,1054.1
2017-09-25,1056,1069.9,1053.1,1062.7
2017-09-26,1057,1070.2,1056.2,1065
2017-09-27,1066.8,1078,1065.3,1078
2017-09-28,1078.8,1080,1066.7,1068
2017-09-29,1071,1073.3,1064.1,1072.5
2017-10-10,1082.1,1085.9,1078,1081.9
2017-10-11,1081.6,1095,1081.6,1095
2017-10-12,1095.1,1103.3,1092,1098.5
2017-10-13,1100.6,1127,1096.1,1101.9
2017-10-16,1140,1140,1094.6,1112.7
2017-10-17,1113,1146.9,1111.2,1143
2017-10-18,1149.9,1163.8,1141.1,1141.3
2017-10-19,1148.7,1152.5,1131.9,1133.6
2017-10-20,1133.7,1151.9,1131.7,1151.2
2017-10-23,1150.9,1161.4,1150.8,1157.5
2017-10-24,1157.5,1191.9,1156.4,1189
2017-10-25,1189.9,1190.8,1178.5,1187.9
2017-10-26,1188.1,1189.9,1162.6,1165.2
2017-10-27,1168.9,1194,1162.8,1190.3
2017-10-30,1191.3,1193.8,1184.5,1192.7
2017-10-31,1192.7,1198.5,1187.7,1198.5
2017-11-01,1200.1,1203.1,1195.8,1198.2
2017-11-02,1198.5,1207.3,1188.7,1198.4
2017-11-03,1204.1,1221.5,1203.1,1221.5
2017-11-06,1221,1227.6,1212.8,1221
2017-11-07,1223.5,1226.5,1205.5,1216.6
2017-11-08,1215.8,1239.5,1213.9,1239.5
2017-11-09,1239,1241.8,1222.6,1234
2017-11-10,1233.6,1256,1229.4,1256
2017-11-13,1256.7,1308.9,1256,1304.9
2017-11-14,1309.3,1356,1309,1356
2017-11-15,1359,1407.1,1352,1403.4
2017-11-16,1407.5,1428,1361.6,1416.9
2017-11-17,1408.1,1411,1388,1397
2017-11-20,1398.2,1439.9,1394.6,1439.9
2017-11-21,1440.8,1452.2,1423,1430.3
2017-11-22,1440,1443.6,1394.8,1398.5
2017-11-23,1388.8,1441.4,1370,1440.6
2017-11-24,1435,1445.2,1401.5,1401.5
2017-11-27,1400,1421.7,1386.5,1405.5
2017-11-28,1411.1,1415.4,1351.5,1351.5
2017-11-29,1353.4,1376.5,1345,1371.2
2017-11-30,1370.1,1374.9,1345.5,1352
2017-12-01,1363.3,1396,1363.2,1392
2017-12-04,1387.4,1396.8,1368.8,1377
2017-12-05,1376.9,1377.5,1342,1345.4
2017-12-06,1352.1,1367,1318.7,1327.4
2017-12-07,1334.9,1337.3,1282.7,1300.8
2017-12-08,1300.7,1314.1,1285,1285.4
2017-12-11,1289.7,1335.8,1288.8,1335.8
2017-12-12,1336.3,1341.9,1304.9,1319.2
2017-12-13,1321.1,1345.9,1316.8,1331
2017-12-14,1340,1346,1309,1314
2017-12-15,1319,1337.8,1308.7,1327.5
2017-12-18,1336,1336,1309.5,1309.5
2017-12-19,1308.5,1315.6,1280.3,1314
2017-12-20,1307.4,1312.9,1289.9,1290
2017-12-21,1282.8,1301.1,1265,1265
2017-12-22,1268.2,1326.3,1265.8,1322
2017-12-26,1326.5,1369.2,1326.5,1340.8
2017-12-27,1355,1410.6,1355,1410.6
2017-12-28,1408.5,1425.4,1397,1414.2
2018-01-02,1421.3,1448,1417.3,1438.2
2018-01-03,1449,1471.4,1441.4,1467.2
2018-01-04,1472,1472.5,1411.7,1423.7
2018-01-05,1425.2,1481.2,1425.2,1480.3
2018-01-08,1485,1520.6,1481.2,1513.6
2018-01-09,1514.2,1525.8,1487.5,1493
2018-01-10,1503,1515,1466.3,1507.8
2018-01-11,1503,1570.8,1493.1,1560.1
2018-01-12,1572.8,1684.9,1572.7,1641
2018-01-15,1652,1691.8,1612.3,1686.5
2018-01-16,1679,1713.9,1662.4,1703.1
2018-01-17,1703.5,1716.6,1651.2,1652.4
2018-01-18,1661.2,1682.5,1649.4,1679.6
2018-01-19,1685,1685.6,1595,1612
2018-01-22,1599.2,1612.9,1565,1592
2018-01-23,1611.6,1663.9,1602.3,1663.8
2018-01-24,1673,1674,1632.5,1634.8
2018-01-25,1633.5,1640.9,1611.2,1631.7
2018-01-26,1634.3,1668.3,1623.2,1668.3
2018-01-29,1665.1,1711.7,1662,1704.2
2018-01-30,1709.4,1718.7,1685.2,1687
2018-01-31,1659.7,1684.6,1650.3,1661.5
2018-02-01,1665.5,1682.9,1626,1626
2018-02-02,1636,1644.3,1595.5,1634
2018-02-05,1583,1599.9,1530.8,1530.8
2018-02-06,1471.2,1562,1459.1,1555.1
2018-02-07,1585,1585.4,1474,1474
2018-02-08,1479.3,1582.8,1459.3,1542
2018-02-09,1492,1534.8,1480,1506
2018-02-12,1531.3,1536.2,1504.5,1508
2018-02-13,1524.9,1529.2,1455,1455
2018-02-14,1477,1522.4,1463.9,1519.9
2018-02-19,1533.4,1583.9,1529,1581.6
2018-02-20,1581.6,1581.9,1535.5,1548.7
2018-02-21,1550.5,1582.6,1542.6,1575
2018-02-22,1560,1564.9,1539.7,1551
2018-02-23,1569.1,1576,1560.2,1570.5
2018-02-26,1585,1595.8,1560.3,1576.9
2018-02-27,1590.1,1594,1568.3,1570.7
2018-02-28,1553,1559.8,1525,1537
2018-03-02,1513.1,1550.4,1510.9,1550.4
2018-03-05,1550,1551.6,1514,1514
2018-03-06,1536.8,1557.9,1534.6,1557.9
2018-03-07,1544,1563.3,1511,1515
2018-03-08,1526.7,1548.6,1522.9,1543.3
2018-03-09,1552.9,1576,1547.5,1567
2018-03-12,1582.8,1615.3,1577.7,1615.3
2018-03-13,1610.2,1612.9,1595.2,1605.9
2018-03-14,1599.1,1610,1592.6,1603.8
2018-03-15,1604.7,1626.1,1601.6,1613.7
2018-03-16,1615.8,1621.2,1609.1,1619.1
2018-03-19,1607.2,1616.2,1578,1578
2018-03-20,1565,1618.1,1563.6,1616
2018-03-21,1618,1630.2,1600,1600.2
2018-03-22,1609.8,1621.3,1563.2,1563.2
2018-03-23,1519.2,1540.8,1464.3,1465
2018-03-26,1472.1,1543,1462.2,1543
2018-03-27,1547,1548,1527.3,1535
2018-03-28,1500.2,1529.9,1491.5,1525
2018-03-29,1525,1561.8,1518.5,1554
2018-03-30,1552.4,1564.2,1549.2,1554.3
2018-04-02,1565.4,1565.4,1538.6,1539.4
2018-04-03,1525,1558.9,1520,1558.9
2018-04-04,1561.5,1564.3,1530.5,1539.3
2018-04-05,1558.9,1567.4,1543.4,1561
2018-04-06,1549.9,1559.3,1537.9,1559.3
2018-04-09,1570,1572.1,1551.6,1570.1
2018-04-10,1570.1,1570.7,1553,1568.5
2018-04-11,1578.6,1578.6,1570,1570
2018-04-12,1581,1581,1546.5,1551.7
2018-04-13,1558,1574.6,1544.5,1567
2018-04-16,1572.5,1576.4,1560.6,1562.6
2018-04-17,1571.5,1574,1561.7,1562.5
2018-04-18,1580,1581.2,1552.5,1558.4
2018-04-19,1552.3,1553,1523.1,1530
2018-04-20,1530.2,1542.2,1515,1535.1
2018-04-23,1527,1534.1,1501.8,1503
2018-04-24,1503,1516,1478,1478
2018-04-25,1475.9,1495.5,1463.1,1483.2
2018-04-26,1494.5,1508.5,1486,1508.4
2018-04-27,1517,1534.9,1505,1533
2018-04-30,1525,1526.5,1488.8,1493.5
2018-05-02,1482.9,1505,1469.2,1472.7
2018-05-03,1478.7,1488.7,1457.6,1460
2018-05-04,1464,1471.8,1421.2,1421.2
2018-05-08,1433,1453.4,1319.6,1345
2018-05-09,1356.8,1429.6,1337.2,1423.8
2018-05-10,1423.8,1429.9,1402.3,1417.3
2018-05-11,1416,1448.6,1411.9,1433.5
2018-05-14,1437.5,1440,1401,1401.5
2018-05-15,1416,1427.6,1405.4,1417
2018-05-16,1417.2,1434.3,1406.7,1412.3
2018-05-17,1420.5,1436,1410,1433.3
2018-05-18,1434.1,1456,1430.2,1450
2018-05-21,1452,1467.9,1447.3,1450.7
2018-05-23,1455,1457,1437.5,1448.5
2018-05-24,1452,1471.7,1450,1467.4
2018-05-25,1460,1484.5,1458.4,1482.5
2018-05-28,1478.7,1490.9,1470.4,1489.4
2018-05-29,1489.5,1500.2,1443.6,1458.7
2018-05-30,1471.5,1482.2,1439.6,1482.2
2018-05-31,1495,1495,1465.1,1487.5
2018-06-01,1482.2,1496.2,1479.1,1485.5
2018-06-04,1488.7,1490,1457.6,1473.5
2018-06-05,1473.9,1479.1,1453.6,1465.1
2018-06-07,1466.7,1492.7,1466,1489
2018-06-08,1487,1489,1461.7,1463.6
2018-06-11,1464,1476,1460,1465.9
2018-06-12,1467,1485.4,1458.7,1477.5
2018-06-14,1465,1479,1451.7,1453.8
2018-06-15,1455,1461,1448.3,1458.6
2018-06-18,1458.5,1459.5,1383,1412.3
2018-06-19,1404,1419.5,1360.5,1360.5
2018-06-20,1373.7,1421.7,1369,1416.4
2018-06-21,1416,1416.9,1380.8,1385.5
2018-06-22,1383,1411,1367.4,1411
2018-06-25,1404,1419.5,1392.7,1416.9
2018-06-26,1397.5,1415.2,1380.2,1409
2018-06-27,1409.2,1425.7,1388.9,1391.1
2018-06-28,1382,1396.8,1364,1364
2018-06-29,1379.1,1394.3,1357.1,1389
2018-07-02,1388,1389.9,1330,1333.4
2018-07-03,1350.5,1388.3,1321.9,1360
2018-07-04,1354.5,1363.6,1337.5,1359.7
2018-07-05,1354,1360.3,1325.4,1359.8
2018-07-06,1359.3,1399.1,1342.5,1388.2
2018-07-09,1388.2,1405.1,1380,1396.2
2018-07-10,1403.5,1403.7,1389.1,1389.8
2018-07-11,1375,1379.5,1352.3,1356.9
2018-07-12,1357.7,1385.6,1356.2,1381
2018-07-13,1380.2,1400,1378.5,1399.5
2018-07-16,1401.1,1404.1,1384.7,1390
2018-07-17,1391,1392.3,1368.3,1369.8
2018-07-18,1383.6,1390.3,1353.8,1355.8
2018-07-19,1367,1367,1324,1324
2018-07-20,1331.5,1340.8,1310.1,1318.7
2018-07-23,1318.7,1321.5,1245.1,1255
2018-07-24,1257,1272.8,1246.1,1246.1
2018-07-25,1251.4,1257.8,1206.3,1226
2018-07-26,1234,1257.8,1222.2,1254.6
2018-07-27,1256.8,1266,1248.2,1265
2018-07-30,1258,1259.1,1232.5,1244.9
2018-07-31,1220,1272,1219.9,1270
2018-08-01,1273,1305.2,1268.6,1296.4
2018-08-02,1296.4,1296.4,1268.2,1274.2
2018-08-03,1284,1294.8,1279.2,1294.8
2018-08-06,1286.6,1304,1267,1270.1
2018-08-07,1270.1,1284.6,1258.1,1284.6
2018-08-08,1289.1,1293.9,1267.4,1279.7
2018-08-09,1273.1,1297.1,1265.8,1297.1
2018-08-10,1291,1299.6,1274.8,1282
2018-08-13,1279.6,1279.6,1232.1,1245
2018-08-14,1243,1253.4,1233.7,1249.5
2018-08-16,1231.3,1252.5,1213.5,1248.5
2018-08-17,1257.1,1279.7,1248.5,1272.8
2018-08-20,1278.4,1288.6,1261,1261
2018-08-21,1265,1315.1,1265,1306.1
2018-08-22,1306.5,1318.5,1294.4,1294.7
2018-08-23,1297.7,1313.7,1286.6,1311.6
2018-08-24,1310,1333.3,1297.7,1328.8
2018-08-27,1333,1346,1328.4,1343.6
2018-08-28,1351.1,1357,1326.1,1326.1
2018-08-29,1330,1342.3,1325.5,1340.8
2018-08-30,1341.1,1352.7,1333.7,1343.7
2018-08-31,1338.2,1379.6,1332.6,1373.5
2018-09-03,1373.1,1377.8,1360.7,1372.5
2018-09-04,1375.5,1401.7,1372.4,1396.7
2018-09-05,1394.5,1399.5,1367,1369
2018-09-06,1369,1379.6,1357.2,1363.3
2018-09-07,1355.9,1373.2,1348.1,1362.5
2018-09-10,1359.8,1369.3,1358,1362.1
2018-09-11,1361.3,1383.5,1361.3,1380
2018-09-12,1385,1410.1,1382,1402.6
2018-09-13,1405.9,1410,1393.2,1402.6
2018-09-14,1410.7,1423.8,1401.8,1420.9
2018-09-17,1420.9,1423.6,1401.2,1408.2
2018-09-18,1401,1423.3,1398.8,1420.6
2018-09-19,1422.1,1422.1,1406.6,1415.9
2018-09-20,1418.4,1438.4,1394.6,1399
2018-09-21,1401.2,1412.7,1397.8,1410.3
2018-09-27,1406,1428.2,1406,1428.2
2018-09-28,1428.2,1434.8,1403.7,1405
2018-10-01,1409,1412.5,1387,1400
2018-10-02,1396.2,1398.8,1342.8,1345.9
2018-10-04,1348.2,1357,1321.6,1336
2018-10-05,1334,1345.5,1301.4,1310
2018-10-08,1308.8,1332.8,1293,1293.4
2018-10-10,1292.6,1305.3,1268,1274.5
2018-10-11,1230,1256.4,1219.5,1220.8
2018-10-12,1226,1272.6,1226,1269
2018-10-15,1269,1270,1229.3,1239
2018-10-16,1235.5,1262.8,1235.5,1253.6
2018-10-17,1281.1,1282,1250.4,1272.8
2018-10-18,1270.6,1270.6,1241.5,1248.5
2018-10-19,1235,1275.1,1224.6,1275.1
2018-10-22,1260,1284.1,1253,1283.2
2018-10-23,1273,1273.6,1228.8,1240
2018-10-24,1252.8,1258,1198.3,1205.8
2018-10-25,1169.7,1202,1160.4,1187.9
2018-10-26,1195.9,1203.5,1143.2,1144.6
2018-10-29,1160,1183.8,1111.5,1111.5
2018-10-30,1111,1147.2,1099.5,1137.6
2018-10-31,1146.5,1148,1118.7,1124
2018-11-01,1129.5,1149.9,1122.3,1125
2018-11-02,1137.3,1189.9,1136.8,1188.1
2018-11-05,1183,1196.9,1168.8,1195.4
2018-11-06,1197.4,1200,1167.5,1192.8
2018-11-07,1192.8,1202,1166.8,1166.8
2018-11-08,1192.1,1195,1175.9,1187
2018-11-09,1183.9,1183.9,1149.1,1154.1
2018-11-12,1141.8,1146.5,1117.8,1118.7
2018-11-13,1100.7,1128.5,1084.6,1116.3
2018-11-14,1116,1147.4,1105.2,1125.8
2018-11-15,1128.5,1157.8,1115.1,1157.8
2018-11-16,1159,1175.8,1152,1171.8
2018-11-19,1179.5,1199.5,1169,1196
2018-11-20,1180.1,1185.8,1165.1,1168.4
2018-11-21,1151.6,1185.1,1136.6,1183.8
2018-11-22,1177.7,1188.3,1167.9,1175.8
2018-11-23,1176,1186.1,1158.9,1161.8
2018-11-26,1162.2,1194.7,1162.2,1191
2018-11-27,1193.7,1202.3,1180.7,1197
2018-11-28,1200.3,1201.3,1189,1191.2
2018-11-29,1219.3,1219.8,1174.8,1177.5
2018-11-30,1179.9,1187.9,1172.1,1183.9
2018-12-03,1201.6,1222,1194.8,1216.5
2018-12-04,1215.6,1219.7,1199.4,1208.8
2018-12-05,1186.1,1201.1,1182.5,1191.5
2018-12-06,1186.2,1189.8,1150.9,1151.6
2018-12-07,1165,1178.3,1157.2,1172.8
2018-12-10,1152.8,1165.6,1143,1148.6
2018-12-11,1153.2,1155.1,1124.1,1128.3
2018-12-12,1131.4,1169.2,1131.4,1166.9
2018-12-13,1166.9,1168.8,1153.7,1163.4
2018-12-14,1156.1,1160,1121.7,1126.8
2018-12-17,1128.5,1131.5,1099.7,1120
2018-12-18,1105.5,1129.7,1102,1117.5
2018-12-19,1119.3,1155.6,1116,1149
2018-12-20,1137,1162.8,1132,1141.1
2018-12-21,1136.7,1158.4,1136,1155.1
2018-12-24,1150.2,1160.7,1145,1149.7
2018-12-26,1132,1165.5,1131,1165.5
2018-12-27,1192,1193.5,1154.9,1158.6
2018-12-28,1160.9,1165.9,1146,1159
2019-01-02,1174,1174.4,1134.7,1138.2
2019-01-03,1139.9,1145.5,1107.2,1109.2
2019-01-04,1109.1,1129.9,1095.1,1129
2019-01-07,1146,1149.5,1126.9,1141.3
2019-01-08,1138.8,1139,1120.2,1127.7
2019-01-09,1130.5,1147.4,1128.5,1140.1
2019-01-10,1138.8,1155.3,1134.1,1145.5
2019-01-11,1146.9,1153.1,1141.9,1150.8
2019-01-14,1146.9,1146.9,1128,1130.1
2019-01-15,1133,1149,1132.2,1144
2019-01-16,1144,1145.7,1130.1,1141.4
2019-01-17,1141,1146.7,1122.4,1124.6
2019-01-18,1130.3,1145.5,1127.5,1143.9
2019-01-21,1144.8,1145.2,1130.1,1134.5
2019-01-22,1134.6,1139.2,1128.6,1130.4
2019-01-23,1129.2,1135.1,1127.1,1127.4
2019-01-24,1129.7,1152.5,1128.8,1146
2019-01-25,1149,1168,1145.8,1159.1
2019-01-28,1160.9,1178.6,1160.3,1171
2019-01-29,1167.9,1171.3,1154.2,1167.1
2019-01-30,1167.1,1184.4,1165.6,1178.8
2019-01-31,1187.5,1195.8,1179.7,1185.3
2019-02-01,1187,1191.4,1180.8,1189
2019-02-07,1193.6,1213.5,1186.6,1210.6
2019-02-08,1206,1213.9,1200.8,1205
2019-02-11,1210.3,1223.2,1208.7,1222.3
2019-02-12,1221.4,1224.2,1208.3,1210.6
2019-02-13,1223.3,1234.9,1215.4,1233
2019-02-14,1231,1234.5,1221.9,1229
2019-02-15,1228.9,1233.8,1214.5,1220.5
2019-02-18,1230.4,1244.2,1229.9,1238.6
2019-02-19,1238,1246.9,1226.9,1245.3
2019-02-20,1247.3,1254.5,1242.5,1253.1
2019-02-21,1251.1,1252.3,1237.3,1241.3
2019-02-22,1239.8,1242,1227.2,1234.4
2019-02-25,1240.7,1251.8,1238.3,1251.8
2019-02-26,1250.2,1257,1241.1,1243
2019-02-27,1244.5,1257.8,1242.4,1256.6
2019-02-28,1258.3,1272.8,1210.3,1228
2019-03-04,1242.5,1270.3,1242.5,1264.6
2019-03-05,1260.2,1276.3,1258.4,1262.2
2019-03-06,1266,1267.4,1241.6,1255
2019-03-07,1248.1,1255,1221.4,1222.5
2019-03-08,1215.7,1231.8,1210.5,1224.1
2019-03-11,1225.3,1245.2,1211.7,1243.2
2019-03-12,1251.8,1278.8,1249.3,1275
2019-03-13,1272.9,1284.5,1263.3,1273.3
2019-03-14,1275.9,1286.2,1258,1263
2019-03-15,1256,1256.5,1230,1239.9
2019-03-18,1247.6,1255,1232.5,1245.4
2019-03-19,1244,1251.6,1224.2,1227.1
2019-03-20,1228.5,1231.1,1211.1,1230.6
2019-03-21,1229.5,1237.5,1210.4,1213.6
2019-03-22,1215.5,1221.4,1208.3,1215.9
2019-03-25,1192,1205,1182.6,1183.6
2019-03-26,1187.9,1204.4,1184.8,1201
2019-03-27,1199.8,1203.1,1178.6,1181.5
2019-03-28,1178,1183.3,1166,1167.5
2019-03-29,1170.5,1194.4,1163.1,1191.5
2019-04-01,1188.4,1204.8,1184.4,1198.5
2019-04-02,1203,1204.6,1195.8,1203.4
2019-04-03,1204,1224,1199.7,1223.3
2019-04-04,1223.3,1228.3,1209.5,1219.5
2019-04-05,1219.5,1225.5,1208.8,1211.5
2019-04-08,1215,1221.7,1203.4,1207.9
2019-04-09,1210.4,1218.2,1201.1,1215
2019-04-10,1209.6,1222.6,1208.1,1220
2019-04-11,1222.2,1233.7,1220.5,1229.2
2019-04-12,1224.6,1234.2,1221.1,1227.7
2019-04-15,1230.3,1232,1220.6,1226.6
2019-04-16,1227,1227.5,1214.6,1226
2019-04-17,1226.1,1230,1221.7,1226.8
2019-04-18,1225.4,1225.9,1193.2,1201.1
2019-04-19,1205,1218,1203.2,1217.5
2019-04-22,1218,1226.3,1209.9,1219.2
2019-04-23,1215.3,1220.3,1206.4,1215.1
2019-04-24,1222.4,1223.7,1200.8,1208.6
2019-04-25,1205.5,1207,1195.5,1196
2019-04-26,1191.2,1197.7,1182,1182
2019-04-29,1188,1207.8,1182.9,1203
2019-04-30,1199.5,1210,1189.8,1207.8
2019-05-02,1202,1212.5,1198.4,1208.6
2019-05-03,1206.4,1212.7,1199.6,1205
2019-05-07,1194,1201.5,1183.9,1185
2019-05-08,1174,1187,1169.8,1170.1
2019-05-09,1173,1176.2,1137.1,1139.1
2019-05-10,1141.1,1155.7,1122.4,1138.5
2019-05-13,1130,1138.2,1105,1105
2019-05-14,1093,1121.9,1092.5,1106.9
2019-05-15,1112.8,1141.7,1108,1140
2019-05-16,1140,1145,1114.7,1121
2019-05-17,1127,1137.2,1106.7,1110.1
2019-05-20,1110.8,1117.9,1083.5,1089.1
2019-05-21,1082.1,1100.1,1082.1,1091.7
2019-05-22,1094.5,1100.1,1086.7,1092.6
2019-05-23,1093.4,1095.7,1070.3,1073.3
2019-05-24,1070,1075.5,1055,1062
2019-05-27,1063.6,1072.1,1052.4,1060.9
2019-05-28,1060,1088.5,1060,1088.5
2019-05-29,1082,1083.8,1057.4,1061
2019-05-30,1061.9,1070.8,1052.5,1060.9
2019-05-31,1054,1084.2,1053.3,1075.2
2019-06-03,1071,1081.6,1066.4,1080.3
2019-06-04,1078.5,1087.3,1076.3,1081.6
2019-06-05,1093.5,1098.4,1082.8,1091
2019-06-07,1091,1097.6,1083.9,1093.9
2019-06-10,1098.8,1102.5,1091.6,1101.4
2019-06-11,1099.6,1116.3,1099.4,1114
2019-06-12,1115,1115,1099.2,1102.5
2019-06-13,1101.9,1116,1094.3,1114.5
2019-06-14,1103.7,1106.7,1087.9,1090.3
2019-06-17,1092.3,1093.8,1083,1084.9
2019-06-18,1085,1090.2,1068.4,1071.1
2019-06-19,1081.5,1086.4,1074,1082.3
2019-06-20,1083.6,1099,1082,1097.7
2019-06-21,1096,1098.3,1082.2,1085
2019-06-24,1087.2,1089,1074.8,1077.5
2019-06-25,1077.5,1079.5,1062.9,1070.6
2019-06-26,1069.8,1079.5,1062.6,1067.3
2019-06-27,1067.3,1075.1,1030.6,1032
2019-06-28,1031.6,1036.9,1008.4,1008.4
2019-07-01,1029.1,1042.3,1020.6,1040.1
2019-07-02,1037,1043.3,1023.2,1031.7
2019-07-03,1031.5,1034.6,1019.8,1027.4
2019-07-04,1025,1029.3,1006.6,1021.4
2019-07-05,1021.2,1034.9,1012.6,1032.2
2019-07-08,1028,1028,995.8,998
2019-07-09,997.6,1006.1,972,974.9
2019-07-10,980,996.6,974.3,984.6
2019-07-11,986.2,1001,981.4,999.9
2019-07-12,997.2,1009,990.1,1001.4
2019-07-15,1000.6,1001,985.6,990.1
2019-07-16,990.2,1005.8,989.1,999
2019-07-17,994.8,996.5,981,983.3
2019-07-18,982.4,992.1,975.5,981.7
2019-07-19,987.2,1007,987.1,1005.8
2019-07-22,1000.2,1006.1,996.2,1000.1
2019-07-23,1001,1009.1,989.8,994.2
2019-07-24,993.8,1002.2,982.5,985.5
2019-07-25,983.9,988.5,968.8,974.6
2019-07-26,969.3,973.6,956.6,962.7
2019-07-29,961.5,963,929.1,931.4
2019-07-30,931.1,947.4,931.1,934.7
2019-07-31,933.7,945,911.1,943.1
2019-08-01,938.1,948,926.2,928.3
2019-08-02,904,912.6,890.3,892.5
2019-08-05,891.5,891.5,800,810.1
2019-08-06,786.4,846,786.4,801.5
2019-08-07,815.8,846,798.8,822.1
2019-08-08,831,851.6,824.5,848.2
2019-08-09,852,857.8,840.3,848.2
2019-08-12,845,852.3,835.5,849.3
2019-08-13,841.2,843.8,833.2,837.1
2019-08-14,855.4,855.7,847.5,852.6
2019-08-16,843,852.2,839.4,847.6
2019-08-19,850,857.5,846.4,855.5
2019-08-20,854,878.9,850.9,872
2019-08-21,870,894.3,868.5,892
2019-08-22,894.2,898.6,882.9,887.1
2019-08-23,877.1,888.6,876.1,878.5
2019-08-26,855.5,860.8,832,835.8
2019-08-27,845,854.1,840.4,845.1
2019-08-28,845,881.2,842.3,873.8
2019-08-29,874.4,885.3,862,871.4
2019-08-30,888.3,894.1,884,887.7
2019-09-02,883.1,910.7,883.1,906.9
2019-09-03,905,915.9,900.3,902.9
2019-09-04,902.5,920.4,900.6,917.6
2019-09-05,923,931.7,921.1,926.8
2019-09-06,931.8,932.4,918,924
2019-09-09,926.5,928.8,912.7,915.6
2019-09-10,918,919.7,901.6,907
2019-09-11,908.5,927.7,908.5,926.9
2019-09-16,930,942.3,917.7,941.1
2019-09-17,940.1,957,934.2,947.3
2019-09-18,947.6,954.3,940.9,941
2019-09-19,941.6,956.2,934.3,941.6
2019-09-20,943.5,949.7,939.1,946.7
2019-09-23,945,945.5,934.4,937
2019-09-24,921.6,927.5,902.6,908
2019-09-25,902.4,913.8,884,892
2019-09-26,902.4,913.5,889.2,906.3
2019-09-27,903.5,904.6,888.8,898.7
2019-09-30,899.8,903.8,883.2,894.3
2019-10-01,896,924.9,896,922
2019-10-02,913.7,921.1,903.8,903.8
2019-10-04,905.9,919.7,896.1,906.4
2019-10-07,915.1,948.2,911,940.1
2019-10-08,943.6,956.2,932.7,954.2
2019-10-10,946,952.9,937.1,946
2019-10-11,953,959.5,941.4,945.7
2019-10-14,961.9,970.8,952.8,965
2019-10-15,961,977.6,960.2,972
2019-10-16,978.7,983.6,976.3,981.1
2019-10-17,981.1,984.7,964.4,968.7
2019-10-18,974.5,974.5,958.5,963.4
2019-10-21,961.5,983.8,960.2,983
2019-10-22,987.7,1021.8,986.3,1007
2019-10-23,1006.3,1038.6,1004.2,1038.6
2019-10-24,1039.8,1042.6,997.3,1026.8
2019-10-25,1022.4,1024.3,996.9,997.5
2019-10-28,1002.5,1011.5,993.2,1001
2019-10-29,1008.7,1015.7,996.7,1013.5
2019-10-30,1015.4,1018.6,1005.5,1009.8
2019-10-31,1013.3,1025.4,1008.4,1014.2
2019-11-01,1012.8,1023,1005.5,1021.5
2019-11-04,1028.7,1036.5,1025,1033.5
2019-11-05,1032.4,1045.8,1025.3,1043.4
2019-11-06,1040.7,1043,1022.9,1024.5
2019-11-07,1022.5,1026.6,1012.3,1018.2
2019-11-08,1024.4,1028.2,1010,1017.5
2019-11-11,1017.7,1020,1001.8,1005
2019-11-12,1007,1017.7,1003.6,1014.4
2019-11-13,1013,1014.5,998,1002.3
2019-11-14,1003.9,1010.8,996.8,1006.2
2019-11-15,1005.2,1023,997.4,1020.2
2019-11-18,1023.1,1026.2,1011.8,1019.1
2019-11-19,1017.6,1017.6,996.5,999.3
2019-11-20,995.7,1000.6,971,975
2019-11-21,973.5,973.5,945.1,956.9
2019-11-22,954.9,960.1,939.1,952.2
2019-11-25,959.9,977.8,957.3,977.8
2019-11-26,982,990.6,978,985.2
2019-11-27,986.6,987,970.1,977.1
2019-11-28,971.5,975.3,955.8,955.8
2019-11-29,956.4,963.2,936.4,941.1
2019-12-02,946.1,958.9,942.8,955.5
2019-12-03,942.8,945.5,933.1,933.1
2019-12-04,927.1,938.3,924.9,931.7
2019-12-05,936.7,940.8,914.6,924.1
2019-12-06,924.3,943.1,924.3,941.4
2019-12-09,944,947.1,934.9,941
2019-12-10,936,941.1,931.4,936.7
2019-12-11,933.9,945,932.9,935.2
2019-12-12,942.5,966.6,937.6,961.5
2019-12-13,959.2,970.5,955.7,962
2019-12-16,961,963.3,953.5,953.9
2019-12-17,962.5,974.3,958.6,972.9
2019-12-18,973.3,978,963.3,967.2
2019-12-19,967.7,978.8,959.4,972.3
2019-12-20,974.6,978.4,968.4,977.1
2019-12-23,980.9,988.5,978.3,983.8
2019-12-24,982.1,984.5,965.8,966.5
2019-12-26,968.3,995.5,964.2,995.5
2019-12-27,995.7,1017.5,994.6,1013.2
2019-12-30,1013.2,1029.8,1009.9,1027.7
2020-01-02,1033.9,1035.2,1013.9,1028
2020-01-03,1037.1,1040,1010.5,1013.2
2020-01-06,1000.1,1001.8,981.1,981.4
2020-01-07,989.7,1007.3,989.3,1007.3
2020-01-08,996.9,997,965.1,967.7
2020-01-09,999,1013.1,993.7,1011.4
2020-01-10,1018.8,1026.3,1006,1026.3
2020-01-13,1026.3,1030.7,1017.8,1028.4
2020-01-14,1034.3,1044.9,1022.6,1022.7
2020-01-15,1023.1,1028.6,1017.8,1022.9
2020-01-16,1019.4,1035.6,1015.9,1033.4
2020-01-17,1040,1042.7,1028.6,1030.3
2020-01-20,1036,1040,1020.3,1023
2020-01-21,1022.9,1026.7,1004.4,1010.7
2020-01-22,1008,1035.5,1007.9,1035.5
2020-01-23,1026.7,1028,1015.2,1018.2
2020-01-28,975,990.4,974.2,982
2020-01-29,991.5,998.6,981.7,995.7
2020-01-30,991.3,996.8,967,970.5
2020-01-31,978.1,989.9,952.2,957
2020-02-03,941,972,938.9,970.8
2020-02-04,970,992.1,970,990
2020-02-05,996.3,1001.1,978.8,989.2
2020-02-06,999.7,1010.3,992.8,1008.5
2020-02-07,1008.5,1010.9,997.8,1005.3
2020-02-10,1000,1016.4,995.4,1015
2020-02-11,1015,1027.3,1014.8,1023.1
2020-02-12,1025.5,1031.5,1019.4,1025.9
2020-02-13,1033,1037.3,1018.9,1025.2
2020-02-14,1024.9,1035.6,1021.5,1027.1
2020-02-17,1025.3,1034.1,1023.5,1031.6
2020-02-18,1026.3,1028.8,1012,1012.6
2020-02-19,1019.9,1022.3,999.3,1018.2
2020-02-20,1020.8,1023.3,1001.5,1011.2
2020-02-21,993.2,1004.7,982,982.7
2020-02-24,963,970.6,939.4,943.8
2020-02-25,943.9,979.8,937.8,975.9
2020-02-26,956.6,985.8,954.3,978.2
2020-02-27,979,994.5,951.5,963.2
2020-02-28,950,954.1,920.7,927.9
2020-03-02,938,956.7,920.3,951.8
2020-03-03,980,980,948,951
2020-03-04,940.4,968.4,940.4,964.2
2020-03-05,977.3,982.6,967.1,978.6
2020-03-06,970.1,974.6,957.9,966.9
2020-03-09,940,956.3,926.8,928.7
2020-03-10,926.4,950,920,950
2020-03-11,950.1,951.9,902.7,906
2020-03-12,902,911,853.3,859.5
2020-03-13,786.9,852.1,761.1,816.2
2020-03-16,828.6,846.1,788.7,792.7
2020-03-17,756.4,836.2,756.4,831.5
2020-03-18,825.6,842.3,765,771.5
2020-03-19,802.6,808,677.1,697.2
2020-03-20,725.1,772,706.5,762
2020-03-23,715.1,752.5,709.9,717.6
2020-03-24,743.6,801.9,741.1,794.9
2020-03-25,820.9,828,794.7,821
2020-03-26,823,867.1,811.3,829.8
2020-03-27,860,865.9,804,841.8
2020-03-30,830,862.4,813.9,849.1
2020-03-31,864.5,908,862.6,903.2
2020-04-01,901,922.2,858.7,864.6
2020-04-02,865,907.1,855.4,900.4
2020-04-03,904.1,914.1,889.2,905.6
2020-04-06,917.8,944.3,912.9,937.3
2020-04-07,952,958.1,927.2,945.3
2020-04-08,943.7,955.4,932.8,938.2
2020-04-09,953.6,954.9,939.8,950.6
2020-04-10,951.8,953.7,918.8,938.6
2020-04-13,937.1,940.6,917.3,922
2020-04-14,930.7,950.2,926.4,943
2020-04-16,938,975.6,933.7,975.6
2020-04-17,988.9,990.6,970.7,984.2
2020-04-20,986.7,993.3,975.1,981.4
2020-04-21,978.3,989,936.8,970.6
2020-04-22,956.1,984.3,953.3,976.6
2020-04-23,983.5,994.3,977.8,988.8
2020-04-24,982,992.1,966.6,969.2
2020-04-27,976.2,995.9,976.2,991.1
2020-04-28,994.8,998.9,976.1,986.3
2020-04-29,990,991.3,980.7,986
2020-05-04,970.5,990.5,965.1,973.3
2020-05-06,979.4,1007.1,979.4,1005
2020-05-07,1005.1,1022,1000.3,1016.5
2020-05-08,1024.1,1048.8,1021.6,1045.1
2020-05-11,1050.2,1063.2,1035.3,1052.8
2020-05-12,1053.7,1055.3,1035.1,1047.3
2020-05-13,1037.1,1061.8,1035,1058.8
2020-05-14,1054,1064.8,1046.9,1056.4
2020-05-15,1065.3,1067.9,1048.8,1058
2020-05-18,1063.9,1067.2,1043.9,1049.7
2020-05-19,1060,1063.3,1046,1059.9
2020-05-20,1061.3,1078.7,1056.6,1075.2
2020-05-21,1082,1087.6,1078.8,1084.3
2020-05-22,1086.2,1087.5,1064.5,1075.6
2020-05-25,1082.8,1090.7,1068,1087.9
2020-05-26,1093,1105.5,1084.6,1102.6
2020-05-27,1101,1106.8,1089.6,1095.5
2020-05-28,1101.5,1102.2,1055.8,1073.4
2020-05-29,1071,1086.8,1062,1081.6
2020-06-01,1087.2,1135.2,1086.3,1130.4
2020-06-02,1133.7,1154.8,1128.9,1149.5
2020-06-03,1162.8,1170.4,1135.2,1148.3
2020-06-04,1156,1160.7,1137.7,1155.4
2020-06-05,1154.2,1169.6,1143.4,1164.1
2020-06-08,1172,1182.1,1160.6,1176.4
2020-06-09,1182,1182.5,1160,1176.4
2020-06-10,1175.9,1192.3,1171.6,1182
2020-06-11,1189.6,1210.8,1180.5,1193.6
2020-06-12,1137.9,1173.5,1135,1160.1
2020-06-15,1155.4,1164.8,1076.6,1076.6
2020-06-16,1117.1,1165,1114.7,1147.4
2020-06-17,1150.7,1173.9,1131.4,1155.9
2020-06-18,1160.3,1166.4,1147.2,1154.5
2020-06-19,1162,1165.3,1139.2,1158.4
2020-06-22,1157.4,1187.3,1155,1179.5
2020-06-23,1190.3,1202.4,1169,1189.2
2020-06-24,1196.4,1207.7,1181.5,1192.8
2020-06-25,1176,1190.3,1170,1172.3
2020-06-26,1189.5,1190.4,1166.6,1181
2020-06-29,1170,1177.6,1148.5,1155
2020-06-30,1168,1170.1,1146,1160.1
2020-07-01,1166.4,1166.9,1134.4,1138.2
2020-07-02,1141.4,1164.5,1141.3,1159.7
2020-07-03,1167,1179,1154.7,1176.5
2020-07-06,1180.2,1189.5,1172,1187.4
2020-07-07,1191.1,1203,1183,1192.1
2020-07-08,1192.8,1201.4,1186.1,1198.7
2020-07-09,1211.1,1213.1,1199.5,1205.8
2020-07-10,1209.8,1212.9,1192,1208.3
2020-07-13,1220,1220.4,1205.1,1215.3
2020-07-14,1210.1,1219.8,1203.8,1207.4
2020-07-15,1216.4,1219.6,1203.6,1213.4
2020-07-16,1213.4,1215.7,1188.1,1201.4
2020-07-17,1201.7,1218.3,1200.3,1216.1
2020-07-20,1219.2,1223.4,1207,1213.1
2020-07-21,1224,1238.8,1220.3,1230.3
2020-07-22,1232.1,1239.5,1219.2,1236
2020-07-23,1236.6,1257.4,1230.1,1253.1
2020-07-24,1247.5,1258.2,1232.1,1240.2
2020-07-27,1238.2,1259.8,1238.2,1253
2020-07-28,1262.6,1273.3,1257.7,1269.5
2020-07-29,1269.9,1271.5,1257.3,1264.7
2020-07-30,1269.1,1272.9,1257.8,1263.4
2020-07-31,1269.1,1272.6,1262.6,1267.9
2020-08-03,1272.1,1291,1261.3,1289.3
2020-08-04,1297.6,1303.7,1292.4,1299.3
2020-08-05,1305.5,1332.9,1302,1332.9
2020-08-06,1340.2,1348.2,1329.2,1344.4
2020-08-07,1348.3,1353,1331.2,1353
2020-08-10,1358.7,1362,1343.8,1355.3
2020-08-11,1354.3,1359.3,1346.3,1351
2020-08-12,1351,1351.1,1303.5,1320.3
2020-08-13,1333.6,1362.8,1332.8,1345.7
2020-08-14,1340.3,1345.7,1299.1,1299.1
2020-08-18,1310,1312.4,1249.4,1262.2
2020-08-19,1272.2,1290.9,1265.9,1290
2020-08-20,1280.2,1290.5,1232.3,1243.5
2020-08-21,1256.9,1266.6,1225.7,1253.5
2020-08-24,1253.2,1292.8,1237.6,1290.4
2020-08-25,1299,1318.5,1293.8,1314
2020-08-26,1320,1325.1,1294.4,1316.2
2020-08-27,1318.9,1320.2,1301.3,1310.5
2020-08-28,1318.6,1344.2,1311.7,1325.5
2020-08-31,1327.1,1342.8,1313.7,1331.7
2020-09-01,1331.7,1343.2,1327.7,1337
2020-09-02,1345.1,1369.4,1343.4,1362.1
2020-09-03,1369.4,1373.7,1364.5,1368.6
2020-09-04,1319.9,1351.2,1315,1345.1
2020-09-07,1348.1,1370.8,1341.1,1365.8
2020-09-08,1369.7,1390.1,1365.4,1376.4
2020-09-09,1357,1370.2,1348.1,1348.1
2020-09-10,1367.2,1370.7,1355.2,1366
2020-09-11,1356.1,1361.1,1332.9,1358.3
2020-09-14,1365.5,1372,1354.9,1370.2
2020-09-15,1378.1,1389.8,1369,1386.3
2020-09-16,1388,1401.9,1378.3,1379.7
2020-09-17,1382.5,1385.8,1352.2,1355.4
2020-09-18,1362.5,1380,1352.8,1378.4
2020-09-21,1378.4,1387.2,1323.1,1342.7
2020-09-22,1340,1344.2,1285,1286.1
2020-09-23,1304.1,1308.6,1260.4,1292.7
2020-09-24,1267.9,1275,1225.4,1232
2020-09-25,1243,1252.5,1214.8,1228.5
2020-09-28,1255,1283,1239.3,1278
2020-09-29,1290.7,1299.3,1279.3,1291.2
2020-10-05,1291.7,1318,1287.2,1312.5
2020-10-06,1317.8,1321.9,1296.8,1307.4
2020-10-07,1298,1319.8,1296.1,1316.5
2020-10-08,1322.1,1324,1307,1312.7
2020-10-12,1321.1,1323.7,1306.3,1320.2
2020-10-13,1325.2,1327.9,1295.8,1308.7
2020-10-14,1308.7,1313.4,1280.1,1285.8
2020-10-15,1280.6,1284.5,1239.9,1250
2020-10-16,1254.2,1260.4,1219.7,1242
2020-10-19,1242.9,1262.3,1221.2,1225
2020-10-20,1220,1245.2,1196,1242
2020-10-21,1240,1254.4,1220,1254.4
2020-10-22,1242,1244.7,1210.5,1213
2020-10-23,1218.2,1220.7,1191,1202.1
2020-10-26,1199.5,1205.4,1153.7,1164.1
2020-10-27,1151.9,1196.8,1143.6,1176.9
2020-10-28,1175.1,1215.3,1173.6,1214.8
2020-10-29,1194,1242.8,1190.1,1242
2020-10-30,1240.2,1241.1,1185.9,1187.7
2020-11-02,1190.1,1219.1,1183.4,1209
2020-11-03,1217,1243.9,1215,1234.5
2020-11-04,1244.4,1269.4,1223.7,1259.4
2020-11-05,1269,1289.1,1267,1282.4
2020-11-06,1289.7,1291,1250.5,1260.2
2020-11-09,1272.3,1285,1268,1274.6
2020-11-10,1265.6,1269,1240.6,1249.6
2020-11-11,1251,1265.9,1231.7,1257.9
2020-11-12,1264.1,1274.2,1242.9,1250.9
2020-11-13,1248.1,1258.5,1226.5,1255.9
2020-11-16,1264.9,1279.9,1258.9,1272.6
2020-11-17,1270.3,1272.3,1246.8,1255.1
2020-11-18,1261,1280.4,1249.7,1275.9
2020-11-19,1274.3,1296.9,1263,1294
2020-11-20,1291.9,1317.2,1290,1308.8
2020-11-23,1316.8,1328.2,1306.7,1316.5
2020-11-24,1322,1324.3,1297,1306.5
2020-11-25,1310,1331.7,1286.2,1302
2020-11-26,1304,1327.3,1288.5,1322.9
2020-11-27,1323.6,1351.4,1321.1,1344.5
2020-11-30,1352,1361.9,1340.2,1342.5
2020-12-01,1351,1359.5,1335.8,1353.3
2020-12-02,1358.4,1373.5,1345.8,1367.2
2020-12-03,1367.2,1395,1367.1,1395
2020-12-04,1398.5,1424.9,1394.7,1423.8
2020-12-07,1436.5,1472.9,1423.6,1471.8
2020-12-08,1467.5,1486,1408.7,1412.5
2020-12-09,1419.1,1437.3,1401.9,1424.5
2020-12-10,1407.6,1453.5,1407.6,1445.1
2020-12-11,1446.9,1454,1438.2,1448.8
2020-12-14,1454.5,1474.6,1439.3,1455.5
2020-12-15,1457.5,1461.2,1429,1449
2020-12-16,1457.2,1472.5,1445.9,1463
2020-12-17,1462.2,1487.5,1460.2,1474.4
2020-12-18,1477,1480.9,1468.2,1475.5
2020-12-21,1480.6,1503.6,1467.6,1500
2020-12-22,1497.1,1505.5,1444,1446.9
2020-12-23,1462.5,1474.2,1434.1,1444
2020-12-24,1448.5,1471.9,1435.5,1464.5
2020-12-28,1475,1483.3,1462.3,1482
2020-12-29,1510,1526.9,1488.2,1522
2020-12-30,1525.1,1536.2,1511.9,1525
2021-01-04,1523.1,1524.7,1493.2,1516.5
2021-01-05,1508.1,1525.9,1482.7,1523
2021-01-06,1522,1527.9,1500,1508.5
2021-01-07,1515.7,1527,1498.2,1511.9
2021-01-08,1524.2,1528.8,1502.8,1525.5
2021-01-11,1533.5,1561,1482.2,1523
2021-01-12,1521.2,1534.5,1488,1521
2021-01-13,1523.9,1532,1507.4,1520.2
2021-01-14,1508.2,1594.6,1497.2,1503.4
2021-01-15,1504.1,1508.9,1461.8,1468.6
2021-01-18,1451.4,1479.9,1423.1,1432.1
2021-01-19,1437,1467.9,1416.6,1450.6
2021-01-20,1460.5,1499.1,1458.6,1490.7
2021-01-21,1502.4,1502.4,1473.6,1482.5
2021-01-22,1489.6,1492.9,1470.6,1480.7
2021-01-25,1487,1532.9,1484.5,1524.6
2021-01-26,1531.4,1549.5,1505.3,1514.5
2021-01-27,1520,1528.6,1491.1,1494
2021-01-28,1463.9,1489.4,1454.8,1462.9
2021-01-29,1475,1477.8,1403.7,1420.9
2021-02-01,1419,1480.3,1415.7,1478.9
2021-02-02,1483.1,1498.8,1462,1480.2
2021-02-03,1486.1,1495.5,1456.2,1484
2021-02-04,1480,1482.7,1450.3,1467.3
2021-02-05,1468.4,1481.1,1458.1,1472.4
2021-02-08,1469,1475.5,1451.9,1460
2021-02-09,1464.6,1466.5,1447.2,1449.1
2021-02-10,1449.1,1459.8,1431,1457.1
2021-02-15,1461.6,1485,1455.1,1479
2021-02-16,1481,1487.7,1446.5,1453.7
2021-02-17,1448.8,1453.8,1432.2,1441.5
